%s was successfully added to your shopping cart.,%s προστέθηκε με επιτυχία στο καλάθι αγορών σας.
View Shopping Cart,Δείτε το καλάθι αγορών
You have %s products in your shopping cart,Έχετε %s προϊόντα στο καλάθι αγορών σας
Total,Σύνολο
Continue Shopping,Συνεχίστε τις αγορές
Checkout,Ολοκλήρωση αγοράς
Search settings,Ρυθμίσεις αναζήτησης
Products,Προϊόντα
Categories,Κατηγορίες
Select a store to view dashboard,Επιλέξτε ένα κατάστημα για προβολή του πίνακα ελέγχου
Clerk is not configured for this store. <a href='%s'>Click here to configure</a>,Clerk δεν έχει ρυθμιστεί για αυτό το κατάστημα. <a href='%s'>Κάντε κλικ εδώ για διαμόρφωση</a>
Public and private key must be set in order to enable faceted search,Το δημόσιο και το ιδιωτικό κλειδί πρέπει να ρυθμιστούν για να ενεργοποιηθεί η πολύπλευρη αναζήτηση
Public or private key invalid,Μη έγκυρο δημόσιο ή ιδιωτικό κλειδί
Search results for '%s',Αποτελέσματα αναζήτησης για '%s'
Page,Σελίδα
Popup,Αναδυόμενο παράθυρο
-- Please Select --,-- Παρακαλώ επιλέξτε --
Content,Περιεχόμενο
Clerk Content Options,--- Επιλογές περιεχομένου
Select Product...,Επιλέξτε Προϊόν...
Select Category...,Επιλέξτε Κατηγορία...
Select a store to view dashboard,Επιλέξτε ένα κατάστημα για προβολή του πίνακα ελέγχου
Clerk is not configured for this store. <a href='%s'>Click here to configure</a>,Clerk δεν έχει ρυθμιστεί για αυτό το κατάστημα. <a href='%s'>Κάντε κλικ εδώ για διαμόρφωση</a>
%s was successfully added to your shopping cart.,%s προστέθηκε με επιτυχία στο καλάθι αγορών σας.
You have %s products in your shopping cart,Έχετε %s προϊόντα στο καλάθι αγορών σας
Total,Σύνολο
Continue Shopping,Συνεχίστε τις αγορές
Checkout,Ολοκλήρωση αγοράς
Clerk,Clerk
Dashboard,Ταμπλό
Search results for '%s',Αποτελέσματα αναζήτησης για '%s'
Filters,Φίλτρα
Category,Κατηγορία
Categories,Κατηγορίες
Product,Προϊόν
Products,Προϊόντα
View Shopping Cart,Δείτε το καλάθι αγορών
Add to Cart,Προσθήκη στο καλάθι
Continue Shopping,Συνεχίστε τις αγορές
Continue to Checkout,Συνεχίστε στο Checkout
